Uploaded Image,L,80.0
Webcam,O,26.98204219341278
Webcam,K,93.89241933822632
Webcam,V,56.81062340736389
Webcam,E,44.14384365081787
